{
	"info": {
		"_postman_id": "b8848cd9-72af-4d00-b720-022a2d30fea4",
		"name": "DXT Docs Proj",
		"schema": "https://schema.getpostman.com/json/collection/v2.1.0/collection.json"
	},
	"item": [
		{
			"name": "Check GET method",
			"request": {
				"method": "GET",
				"header": [],
				"url": {
					"raw": "localhost:8000/api/v1/",
					"host": [
						"localhost"
					],
					"port": "8000",
					"path": [
						"api",
						"v1",
						""
					]
				}
			},
			"response": []
		},
		{
			"name": "Fetch all records",
			"request": {
				"method": "GET",
				"header": [],
				"url": {
					"raw": "localhost:8000/api/v1/documents",
					"host": [
						"localhost"
					],
					"port": "8000",
					"path": [
						"api",
						"v1",
						"documents"
					]
				},
				"description": "Read all documents \r\n\r\n//& apply filter \"?documentStatus=\"draft\""
			},
			"response": []
		},
		{
			"name": "Create Document",
			"request": {
				"method": "POST",
				"header": [],
				"body": {
					"mode": "raw",
					"raw": "{\r\n    \"documentId\": \"\",\r\n    \"userId\":\"\",\r\n    \"documentTitle\": \"sample\",\r\n    \"templateId\": 787822,\r\n    \"documentLink\":\"/DA/DOCUMENTS\",\r\n    \"uploadDocumentLink\": \"/DA/DOCUMENTS/UPLOAD\",\r\n    \"signedDocumentLink\": \"/DA/DOCUMENTS/SINGLE\",\r\n    \"documentString\": \"HTML String\",\r\n    \"documentType\": \"CONTRACT\",\r\n    \"documentStatus\": \"COMPLETED\",\r\n    \"emailId\": \"ANKUR@GMAIL.COM\",\r\n    \"createdBy\": \"ASHISH\",\r\n    \"partyNo\": 2,\r\n    \"startDate\":\"431414\",\r\n    \"endDate\":\"5435252\",\r\n    \"parties\": [\r\n        {\r\n            \"id\": 1,\r\n            \"firstName\": \"ANKUR\",\r\n            \"lastName\": \"RAJPUT\",\r\n            \"emailId\": \"ANKUR@GMAIL.COM\",\r\n            \"contact\": 9212199239,\r\n            \"streetAddress\": 3231,\r\n            \"city\": \"INDORE\",\r\n            \"state\": \"MP\",\r\n            \"country\": \"INDIA\"\r\n        },\r\n        {\r\n            \"id\": 2,\r\n            \"firstName\": \"ANSHUL\",\r\n            \"lastName\": \"DIXIT\",\r\n            \"emailId\": \"ANSHUL@GMAIL.COM\",\r\n            \"contact\": 9212199,\r\n            \"streetAddress\": 3231,\r\n            \"city\": \"INDORE\",\r\n            \"state\": \"MP\",\r\n            \"country\": \"INDIA\"\r\n        }\r\n    ],\r\n    \"documentShare\": [\r\n        {\r\n            \"id\": 1,\r\n            \"sharedToId\": \"ANKUR@GMAIL.COM\",\r\n            \"firstName\": \"ANKUR\",\r\n            \"lastName\": \"RAJPUT\",\r\n            \"phone\": 9212199239,\r\n            \"sharedById\": 2,\r\n            \"assignedAction\": \"view\",\r\n            \"dateTime\": \" \"\r\n        }\r\n    ],\r\n    \"documentLogs\": [\r\n        {\r\n            \"id\": 1,\r\n            \"action\": \"create\",\r\n            \"emailId\": \"ANKUR@GMAIL.COM\",\r\n            \"comment\": \"aajsfklaf\",\r\n            \"dateTime\": \" \"\r\n\r\n        }\r\n    ]\r\n}",
					"options": {
						"raw": {
							"language": "json"
						}
					}
				},
				"url": {
					"raw": "localhost:8000/api/v1/documents",
					"host": [
						"localhost"
					],
					"port": "8000",
					"path": [
						"api",
						"v1",
						"documents"
					]
				},
				"description": "Create document"
			},
			"response": []
		},
		{
			"name": "Fetch single record",
			"protocolProfileBehavior": {
				"disableBodyPruning": true
			},
			"request": {
				"method": "GET",
				"header": [],
				"body": {
					"mode": "raw",
					"raw": "",
					"options": {
						"raw": {
							"language": "json"
						}
					}
				},
				"url": {
					"raw": "localhost:8000/api/v1/documents/60ab81c2b03c5150d4ed4376",
					"host": [
						"localhost"
					],
					"port": "8000",
					"path": [
						"api",
						"v1",
						"documents",
						"60ab81c2b03c5150d4ed4376"
					]
				},
				"description": "Read 1 document for specific documentId"
			},
			"response": []
		},
		{
			"name": "Update document",
			"request": {
				"method": "PATCH",
				"header": [],
				"body": {
					"mode": "raw",
					"raw": "{\r\n    \"documentId\": \"1234567890\",\r\n    \"documentTitle\": \"Update Sample for Final check delete operation by ankur\",\r\n    \"templateId\": \"12343215\",\r\n    \"documentLink\": \"/api/v1/documents/\",\r\n    \"createdBy\": \"ashish01@gmail.com\"\r\n}\r\n\r\n",
					"options": {
						"raw": {
							"language": "json"
						}
					}
				},
				"url": {
					"raw": "localhost:8000/api/v1/documents/60a72bcd394d081dd4f8bb3e",
					"host": [
						"localhost"
					],
					"port": "8000",
					"path": [
						"api",
						"v1",
						"documents",
						"60a72bcd394d081dd4f8bb3e"
					]
				},
				"description": "Update document for specific documentId"
			},
			"response": []
		},
		{
			"name": "Delete document",
			"request": {
				"method": "DELETE",
				"header": [],
				"url": {
					"raw": "localhost:8000/api/v1/documents/60a7b98fb3a8a761cc3a1335",
					"host": [
						"localhost"
					],
					"port": "8000",
					"path": [
						"api",
						"v1",
						"documents",
						"60a7b98fb3a8a761cc3a1335"
					]
				},
				"description": "Delete document for specific documentId"
			},
			"response": []
		}
	]
}